{
    "attachments": [
        {
            "data_filename": "289602.png",
            "original_filename": "TCX_600_AdamB.png",
            "thumb_filename": "thumbs\/289602.jpg"
        }
    ],
    "resource_id": 2449,
    "current_version_id": 6415,
    "download_count": 3496,
    "resource_version_id": 6415,
    "version_string": "1.0",
    "last_update": 1498478383,
    "rating_avg": 4.875,
    "rating_count": 24,
    "rating_sum": 117,
    "resource_category_id": 7,
    "resource_date": 1498478383,
    "review_count": 24,
    "tag_line": "Big rig motor in a german sedan!",
    "update_count": 1,
    "path": "M9D2E1T8O\/6398\/",
    "filename": "ETKTCXAdamB.zip",
    "title": "Gavril T-series powered ETK I series",
    "user_id": 146912,
    "username": "AdamB",
    "tagid": "M2XKCREB8",
    "message": "[IMG]https:\/\/pp.userapi.com\/c637321\/v637321668\/5515a\/X4YRUwRrR9Y.jpg[\/IMG] [IMG]https:\/\/pp.userapi.com\/c637321\/v637321668\/55164\/t6oqXcc6GkQ.jpg[\/IMG] [IMG]https:\/\/pp.userapi.com\/c637321\/v637321668\/5516e\/Zc2p27X5mj0.jpg[\/IMG] [IMG]https:\/\/pp.userapi.com\/c637321\/v637321668\/55178\/tRF_LH2_wyU.jpg[\/IMG] [IMG]https:\/\/pp.userapi.com\/c637321\/v637321668\/55182\/Hlf_ex4dRCw.jpg[\/IMG] [IMG]https:\/\/pp.userapi.com\/c637321\/v637321668\/5518c\/QlaAFWHqeg8.jpg[\/IMG] [IMG]https:\/\/pp.userapi.com\/c637321\/v637321668\/55196\/nj28Lv_c7nc.jpg[\/IMG] [IMG]https:\/\/pp.userapi.com\/c637321\/v637321668\/551a0\/1Di9RXKNcuk.jpg[\/IMG] \n[B]Features:[\/B]\n[LIST]\n[*][I]6 different models;[\/I]\n[*][I]Working instrument panel;[\/I]\n[*][I]Animated pedals, handle AKPP, steering wheel;[\/I]\n[*][I]Fully working lighting;[\/I]\n[*][I]The police version with f[I]ully working lighting;[\/I][\/I]\n[\/LIST]\n[B]In next versions:[\/B]\n[LIST]\n[*][I]Added different tuning;[\/I]\n[*][I]Added to the sports kit;[\/I]\n[*][I]Added to wagon;[\/I]\n[\/LIST]\n\n[U][B]P.S. [\/B][I]Sorry for my English . I use a translator[\/I][\/U]",
    "category_title": "",
    "prefix_title": "Beta",
    "via": "packed by repo on Mon, 07 Aug 2017 22:33:19 GMT",
    "hashes": [
        [
            "vehicles\/etki\/diesel_gauges.jbeam",
            "f70357a52c205724"
        ],
        [
            "vehicles\/etki\/TCX_400_AdamB.pc",
            "bb5c4ef095ec6a02"
        ],
        [
            "vehicles\/etki\/gauges\/materials.cs",
            "2d66435bcf20afee"
        ],
        [
            "vehicles\/etki\/etki_suspension_R_tcx.jbeam",
            "16a77d55413544b5"
        ],
        [
            "vehicles\/etki\/semi.DAE",
            "839db5d86fbc79b9"
        ],
        [
            "vehicles\/etki\/info_TCX_350_AdamB.json",
            "fdc91032627b227f"
        ],
        [
            "vehicles\/etki\/etki_suspension_F_tcx.jbeam",
            "d48d62f124ec9703"
        ],
        [
            "vehicles\/etki\/TCX_300_AdamB.pc",
            "850e349ff47a8353"
        ],
        [
            "vehicles\/etki\/etki_gauges_d_alt_diesel.dds",
            "378477b88ce167d1"
        ],
        [
            "vehicles\/etki\/TCX_600_AdamB.png",
            "0205bef559e6fdd8"
        ],
        [
            "vehicles\/etki\/info_TCX_400_AdamB.json",
            "454e5907a8a0975a"
        ],
        [
            "vehicles\/etki\/TCX_400_AdamB.png",
            "0205bef559e6fdd8"
        ],
        [
            "vehicles\/etki\/materials\/materials.cs",
            "b819683881735d67"
        ],
        [
            "vehicles\/etki\/info_TCX_300_AdamB.json",
            "fa99c51e094b3504"
        ],
        [
            "vehicles\/etki\/info_TCX_600_AdamB.json",
            "b689d8b86dab728d"
        ],
        [
            "vehicles\/etki\/TCX_300_AdamB.png",
            "0205bef559e6fdd8"
        ],
        [
            "vehicles\/etki\/TCX_350_AdamB.png",
            "0205bef559e6fdd8"
        ],
        [
            "vehicles\/etki\/etki_engine_tcx.jbeam",
            "9c1a5fcf65426759"
        ],
        [
            "vehicles\/etki\/TCX_600_AdamB.pc",
            "c2f1046f08a0f2f2"
        ],
        [
            "vehicles\/etki\/TCX_350_AdamB.pc",
            "9fbcde483abf447f"
        ]
    ]
}