{
"0-120 mph":46.3,
"Performance Class":"4",
"Drivetrain":"AWD",
"100-200 km/h":60.2,
"default_color":"Royal Blue",
"Years":{
  "min":1985,
  "max":1989
},
"Value":4200,
"0-200 km/h":71.2,
"TorquePeakRPM":"2550 - 4950",
"0-100 km/h":11,
"Off-Road Score":27,
"0-100 mph":31.1,
"Configuration":"TCX T300 (M)",
"Transmission":"Manual",
"60-100 mph":20.8,
"0-60 mph":10.3,
"Config Type":"Factory",
"100-0 km/h":44.8,
"Top Speed":50.9292,
"Power":129.982,
"Torque":184.846,
"PowerPeakRPM":5100,
"Description":"Equipped with a Gavril TCX I6 Diesel engine with a T300 Turbocharger and a 7 speed transmission",
"Weight/Power":11.0853,
"60-0 mph":134.3,
"60-120 mph":37.3,
"Weight":1430
}